{
  "config_id": "96291dd0b2be5e",
  "family": "bollinger_fade",
  "direction": "short",
  "params_json": "{\"atr_window\": 14, \"regime_ema\": 200, \"rr\": 2.0, \"sl_atr\": 2.5, \"std_mult\": 2.5, \"window\": 60}",
  "macro_expectancy_r": 0.033402754377917995,
  "micro_expectancy_r": 0.009595517742785536,
  "median_expectancy_r": -0.09598168943083216,
  "worst_fold_expectancy_r": -0.4058935525922342,
  "validation_std_expectancy_r": 0.3431431024683802,
  "positive_fold_ratio": 0.4,
  "total_validation_trades": 121,
  "folds_tested": 5,
  "total_folds": 5,
  "all_folds_tested": true,
  "validation_mean_winrate": 0.401974025974026,
  "validation_mean_avg_win_r": 1.8381271498233733,
  "validation_mean_avg_loss_r": -1.185722800216745,
  "validation_mean_profit_factor_r": 1.150296273635243,
  "validation_max_drawdown_r": 15.264036232432924,
  "cost_r_per_trade": 0.21652826431406327,
  "robust_score": -0.25783546352293873
}