{
  "config_id": "37496ad3f29237",
  "family": "roc_momentum",
  "direction": "short",
  "params_json": "{\"atr_window\": 14, \"regime_ema\": 200, \"roc_window\": 12, \"rr\": 2.5, \"sl_atr\": 2.25, \"threshold\": 0.01}",
  "macro_expectancy_r": -0.021415872257809533,
  "micro_expectancy_r": -0.040168407523431,
  "median_expectancy_r": 0.03517967495749244,
  "worst_fold_expectancy_r": -0.18911796726448118,
  "validation_std_expectancy_r": 0.09258670808114285,
  "positive_fold_ratio": 0.6,
  "total_validation_trades": 550,
  "folds_tested": 5,
  "total_folds": 5,
  "all_folds_tested": true,
  "validation_mean_winrate": 0.31932034632034634,
  "validation_mean_avg_win_r": 2.362831852352806,
  "validation_mean_avg_loss_r": -1.1398924316469816,
  "validation_mean_profit_factor_r": 0.9761994999879586,
  "validation_max_drawdown_r": 28.06109619106551,
  "cost_r_per_trade": 0.1632803190943104,
  "robust_score": -0.10770922629838096
}