{
  "config_id": "415dd941af93e8",
  "family": "atr_expansion_breakout",
  "direction": "long",
  "params_json": "{\"atr_mean_window\": 192, \"atr_window\": 14, \"expansion_mult\": 1.5, \"lookback\": 20, \"rr\": 2.5, \"sl_atr\": 1.25}",
  "validation_mean_expectancy_r": -0.18691644545102853,
  "validation_median_expectancy_r": -0.15634932359712314,
  "validation_min_expectancy_r": -1.0036690630250429,
  "validation_std_expectancy_r": 0.5330986168824678,
  "validation_positive_fold_ratio": 0.4,
  "total_validation_trades": 233,
  "folds_selected": 5,
  "validation_mean_winrate": 0.31012759535535245,
  "validation_mean_avg_win_r": 2.2632069594260487,
  "validation_mean_avg_loss_r": -1.2824762239173377,
  "validation_mean_profit_factor_r": 0.9219623954698541,
  "validation_max_drawdown_r": 33.866561966982445,
  "cost_r_per_trade": 0.2860041910796774,
  "robust_score": -0.5357990872255958
}